{"schemaVersion":"1.0","appDefinitionTemplate":{"id":"/providers/Microsoft.PowerApps/apps/","type":"Microsoft.PowerApps/apps","tags":{"primaryDeviceWidth":"1366","primaryDeviceHeight":"768","sienaVersion":"20200905T031957Z-3.20084.9.0","deviceCapabilities":"","supportsPortrait":"false","supportsLandscape":"true","primaryFormFactor":"Tablet","publisherVersion":"3.20084.9","minimumRequiredApiVersion":"2.2.0","hasComponent":"false","hasUnlockedComponent":"false","isUnifiedRootApp":"false"},"properties":{"appVersion":"2020-09-05T03:19:57Z","lifeCycleId":"Published","createdByClientVersion":{"major":3,"minor":20084,"build":9,"revision":0,"majorRevision":0,"minorRevision":0},"minClientVersion":{"major":3,"minor":20084,"build":9,"revision":0,"majorRevision":0,"minorRevision":0},"backgroundColor":"rgba(165, 34, 55, 1)","backgroundImageUri":"/5853668308607956603/N98646700-eb42-4389-8081-900a239339a2-logoSmallFile","displayName":"Timesheet App Skeleton","description":"","commitMessage":"","appUris":{"documentUri":{"value":"/5853668308607956603/Neb0842d1-9014-46e4-9583-d3c26fdabe0e-document.msapp","readonlyValue":"/5853668308607956603/Neb0842d1-9014-46e4-9583-d3c26fdabe0e-document.msapp"},"imageUris":[]},"createdTime":"0001-01-01T00:00:00Z","lastModifiedTime":"0001-01-01T00:00:00Z","sharedGroupsCount":0,"sharedUsersCount":0,"icons":{"smallIconUri":"/5853668308607956603/N7f8b0d16-baa5-4f59-a4a3-0e910691302b-small.png","mediumIconUri":"/5853668308607956603/Nc9ecb0c7-21c1-485e-82db-a522a4186be2-medium.png","largeIconUri":"/5853668308607956603/N7af804d7-368b-4128-b1c4-369b7067c358-large.png","wideIconUri":"/5853668308607956603/N15a04b52-e630-4ea2-8849-0d3642ab6af5-wide.png"},"connectionReferences":{"698fcf26-99bc-4b2f-bbc2-53dc5eca9335":{"id":"07ce112e-c92e-43a4-8d03-db07eff940c9","displayName":"Office 365 Outlook","iconUri":"https://connectoricons-prod.azureedge.net/releases/v1.0.1385/1.0.1385.2110/office365/icon.png","dataSources":["Office365Outlook"],"dependencies":[],"dependents":[],"parameterHints":{},"isOnPremiseConnection":false,"bypassConsent":false,"dataSets":{},"apiTier":"Standard","isCustomApiConnection":false},"d1ba022a-10cf-4d93-a441-14addd88da3f":{"id":"faa0fc01-add4-45e6-8286-8caab91380b2","displayName":"Office 365 Users","iconUri":"https://connectoricons-prod.azureedge.net/releases/v1.0.1385/1.0.1385.2110/office365users/icon.png","dataSources":["Office365Users"],"dependencies":[],"dependents":[],"parameterHints":{},"isOnPremiseConnection":false,"bypassConsent":false,"dataSets":{},"apiTier":"Standard","isCustomApiConnection":false},"05523dd6-ceec-4d8a-ac5d-d3a459cda821":{"id":"e5efdbad-00f0-4a1c-b512-fbd77cb880e7","displayName":"SharePoint","iconUri":"https://connectoricons-prod.azureedge.net/releases/v1.0.1389/1.0.1389.2117/sharepointonline/icon.png","dataSources":["Timesheet Administrators","Timesheet Details","Timesheet Employees","Timesheet Employees Weeklies","Timesheet Settings"],"dependencies":[],"dependents":[],"parameterHints":{},"isOnPremiseConnection":false,"bypassConsent":false,"dataSets":{"https://athtrainers.sharepoint.com/sites/Timesheets":{"dataSources":{"Timesheet Administrators":{"tableName":"21aeda6e-e8e3-4afa-ad7d-dc92480389fb"},"Timesheet Details":{"tableName":"42a29d41-459f-4348-8a7b-312b090941fa"},"Timesheet Employees":{"tableName":"c25b949b-c80a-47c0-8248-ec45e665b0b3"},"Timesheet Employees Weeklies":{"tableName":"f470b3d2-6819-485d-9bf6-f3f5bdfa7dde"},"Timesheet Settings":{"tableName":"8da3c490-97bb-497a-83f2-c5158335958a"}}}},"apiTier":"Standard","isCustomApiConnection":false}},"databaseReferences":{},"almMode":"Environment","performanceOptimizationEnabled":true,"canConsumeAppPass":true},"isAppComponentLibrary":false,"appType":"ClassicCanvasApp","appComponents":[]}}